{
    "0.jpg": {
        "rotation_vector": [
            [
                -0.5533647893718099
            ],
            [
                1.4464385309886068
            ],
            [
                2.1888584757640945
            ]
        ],
        "translation_vector": [
            [
                0.306655933009151
            ],
            [
                0.2230200366576905
            ],
            [
                0.6272970260348412
            ]
        ]
    },
    "1.jpg": {
        "rotation_vector": [
            [
                -1.0073174481614597
            ],
            [
                0.2826667659329353
            ],
            [
                0.12106183899617805
            ]
        ],
        "translation_vector": [
            [
                0.040775400290008146
            ],
            [
                0.08386320920114988
            ],
            [
                1.0607236293717868
            ]
        ]
    },
    "2.jpg": {
        "rotation_vector": [
            [
                -0.8080327904028076
            ],
            [
                0.49801586077237076
            ],
            [
                0.051257020812389864
            ]
        ],
        "translation_vector": [
            [
                0.05267590947337545
            ],
            [
                0.03996992953928767
            ],
            [
                0.9544147264789838
            ]
        ]
    },
    "3.jpg": {
        "rotation_vector": [
            [
                -1.1163234044694523
            ],
            [
                0.4114841630568352
            ],
            [
                0.38735607137101574
            ]
        ],
        "translation_vector": [
            [
                -0.035851136935669
            ],
            [
                0.18921879880056333
            ],
            [
                0.9322688605438556
            ]
        ]
    },
    "4.jpg": {
        "rotation_vector": [
            [
                -1.015974704031757
            ],
            [
                0.405193012471561
            ],
            [
                0.7050740783481197
            ]
        ],
        "translation_vector": [
            [
                -0.053974349243904915
            ],
            [
                0.043579641321693466
            ],
            [
                0.8912963793610059
            ]
        ]
    },
    "5.jpg": {
        "rotation_vector": [
            [
                -0.9195926806489524
            ],
            [
                0.6131460753542282
            ],
            [
                1.0505208740910121
            ]
        ],
        "translation_vector": [
            [
                0.07470092814021291
            ],
            [
                0.055528583340184505
            ],
            [
                0.9108576807420083
            ]
        ]
    },
    "6.jpg": {
        "rotation_vector": [
            [
                -0.8517139685847948
            ],
            [
                0.7784700706054157
            ],
            [
                1.3589511352902854
            ]
        ],
        "translation_vector": [
            [
                0.13844027834396735
            ],
            [
                0.08148451244217826
            ],
            [
                0.8997599417815597
            ]
        ]
    },
    "7.jpg": {
        "rotation_vector": [
            [
                -0.7799137022141021
            ],
            [
                1.0043206074019468
            ],
            [
                1.7112567851406062
            ]
        ],
        "translation_vector": [
            [
                0.24895928492315456
            ],
            [
                0.1639512950698133
            ],
            [
                0.8405144668570818
            ]
        ]
    }
}