{
    "0.jpg": {
        "rotation_vector": [
            [
                -0.5714096070610165
            ],
            [
                -1.6719057141187963
            ],
            [
                -1.9940971526593503
            ]
        ],
        "translation_vector": [
            [
                0.07499933367159393
            ],
            [
                0.49789214275169313
            ],
            [
                0.5253644816170954
            ]
        ]
    },
    "1.jpg": {
        "rotation_vector": [
            [
                -1.2995242841561647
            ],
            [
                -0.7900147190260852
            ],
            [
                -1.379397394988217
            ]
        ],
        "translation_vector": [
            [
                -0.12806915796840826
            ],
            [
                0.6111821979456181
            ],
            [
                0.7819295003888376
            ]
        ]
    },
    "2.jpg": {
        "rotation_vector": [
            [
                -1.0737732684508607
            ],
            [
                -1.3411378689729117
            ],
            [
                -1.9442731024188433
            ]
        ],
        "translation_vector": [
            [
                -0.021794809374372854
            ],
            [
                0.5629232880514892
            ],
            [
                0.6085279662970037
            ]
        ]
    }
}