{
    "1.jpg": {
        "rotation_vector": [
            [
                -1.1144002945516096
            ],
            [
                -0.4224778190639991
            ],
            [
                -0.23157358348283455
            ]
        ],
        "translation_vector": [
            [
                -0.5075218360181936
            ],
            [
                0.14087492030677032
            ],
            [
                1.7132368695505162
            ]
        ]
    },
    "2.jpg": {
        "rotation_vector": [
            [
                -0.07357729911135642
            ],
            [
                -2.0769618775604903
            ],
            [
                -2.1359985633112637
            ]
        ],
        "translation_vector": [
            [
                0.06890436289168692
            ],
            [
                0.3195636590760081
            ],
            [
                0.7759246157420135
            ]
        ]
    },
    "3.jpg": {
        "rotation_vector": [
            [
                -1.1033511739466568
            ],
            [
                1.3787779146013521
            ],
            [
                1.5272586595449977
            ]
        ],
        "translation_vector": [
            [
                -0.0031132406844892806
            ],
            [
                0.29834897008538663
            ],
            [
                1.4391675076743684
            ]
        ]
    }
}